{
  "last_successful_build_number": 34,
  "build_history": [
    {
      "build_number": 3,
      "status": "SUCCESS"
    },
    {
      "build_number": 4,
      "status": "SUCCESS"
    },
    {
      "build_number": 5,
      "status": "SUCCESS"
    },
    {
      "build_number": 6,
      "status": "SUCCESS"
    },
    {
      "build_number": 7,
      "status": "SUCCESS"
    },
    {
      "build_number": 8,
      "status": "SUCCESS"
    },
    {
      "build_number": 9,
      "status": "SUCCESS"
    },
    {
      "build_number": 10,
      "status": "SUCCESS"
    },
    {
      "build_number": 11,
      "status": "SUCCESS"
    },
    {
      "build_number": 12,
      "status": "SUCCESS"
    },
    {
      "build_number": 13,
      "status": "SUCCESS"
    },
    {
      "build_number": 14,
      "status": "SUCCESS"
    },
    {
      "build_number": 15,
      "status": "SUCCESS"
    },
    {
      "build_number": 16,
      "status": "SUCCESS"
    },
    {
      "build_number": 17,
      "status": "SUCCESS"
    },
    {
      "build_number": 18,
      "status": "SUCCESS"
    },
    {
      "build_number": 19,
      "status": "SUCCESS"
    },
    {
      "build_number": 20,
      "status": "SUCCESS"
    },
    {
      "build_number": 22,
      "status": "SUCCESS"
    },
    {
      "build_number": 23,
      "status": "SUCCESS"
    },
    {
      "build_number": 24,
      "status": "SUCCESS"
    },
    {
      "build_number": 26,
      "status": "FAILURE"
    },
    {
      "build_number": 27,
      "status": "SUCCESS"
    },
    {
      "build_number": 28,
      "status": "SUCCESS"
    },
    {
      "build_number": 29,
      "status": "SUCCESS"
    },
    {
      "build_number": 30,
      "status": "SUCCESS"
    },
    {
      "build_number": 31,
      "status": "SUCCESS"
    },
    {
      "build_number": 32,
      "status": "SUCCESS"
    },
    {
      "build_number": 33,
      "status": "SUCCESS"
    },
    {
      "build_number": 34,
      "status": "SUCCESS"
    }
  ]
}
